"ids","X1_Hap_CDC1","X2_Hap_CDC1","X1_Hap_CDC2","X2_Hap_CDC2","X1_Hap_CDC3","X2_Hap_CDC3","X1_Hap_CDC4","X2_Hap_CDC4","X1_Hap_X378_PART_A","X2_Hap_X378_PART_A","X3_Hap_X378_PART_A","X1_Hap_X378_PART_B","X2_Hap_X378_PART_B","X1_Hap_X378_PART_C","X2_Hap_X378_PART_C","X3_Hap_X378_PART_C","X1_Hap_X360i2_PART_A","X2_Hap_X360i2_PART_A","X1_Hap_X360i2_PART_B","X2_Hap_X360i2_PART_B","X3_Hap_X360i2_PART_B","X4_Hap_X360i2_PART_B","X1_Hap_X360i2_PART_C","X2_Hap_X360i2_PART_C","X1_Hap_X360i2.PART_D","X2_Hap_X360i2.PART_D","X1_Hap_Junction","X2_Hap_Junction","X1_Hap_MSR_Left","X2_Hap_MSR_Left","X1_Hap_MSR_Right","X2_Hap_MSR_Right"
"C_CA003_18","Hap_1","Hap_1","Hap_1","Hap_1","Hap_2","Hap_2","Hap_1","Hap_1","Hap_2","Hap_4",NA,"Hap_2","Hap_2","Hap_1","Hap_2","Hap_3","Hap_2","Hap_2","Hap_2","Hap_3","Hap_4",NA,"Hap_3","Hap_4","Hap_2","Hap_2","Hap_12",NA,"Hap_2",NA,"Hap_1",NA
"C_IA004_18",NA,NA,"Hap_2","Hap_2","Hap_1","Hap_1",NA,NA,"Hap_5","Hap_6",NA,"Hap_2","Hap_2","Hap_3","Hap_3",NA,"Hap_1","Hap_1","Hap_1","Hap_1",NA,NA,"Hap_1","Hap_2","Hap_1","Hap_1","Hap_3",NA,"Hap_1",NA,"Hap_2",NA
"C_IA005_18",NA,NA,"Hap_1","Hap_1","Hap_2","Hap_2",NA,NA,"Hap_3","Hap_4",NA,"Hap_1","Hap_2","Hap_1","Hap_3",NA,"Hap_2","Hap_2","Hap_2","Hap_3","Hap_4",NA,"Hap_3","Hap_4","Hap_2","Hap_2","Hap_3",NA,"Hap_1",NA,"Hap_2",NA
"C_IA006_18",NA,NA,"Hap_1","Hap_1","Hap_2","Hap_2","Hap_2","Hap_2",NA,NA,NA,NA,NA,NA,NA,NA,"Hap_2","Hap_2","Hap_2","Hap_2",NA,NA,"Hap_3","Hap_3","Hap_2","Hap_2","Hap_3",NA,"Hap_1",NA,"Hap_2",NA
"C_IA007_18",NA,NA,"Hap_1","Hap_1","Hap_1","Hap_1",NA,NA,"Hap_2","Hap_4",NA,"Hap_2","Hap_2","Hap_1","Hap_2","Hap_3","Hap_1","Hap_1","Hap_1","Hap_1",NA,NA,"Hap_1","Hap_2","Hap_1","Hap_1","Hap_8",NA,"Hap_1",NA,"Hap_1",NA
"C_IA008_18",NA,NA,"Hap_2","Hap_2","Hap_2","Hap_2",NA,NA,"Hap_3","Hap_4",NA,"Hap_1","Hap_2","Hap_1","Hap_3",NA,"Hap_2","Hap_2","Hap_2","Hap_3","Hap_4",NA,"Hap_3","Hap_4","Hap_2","Hap_2","Hap_3",NA,"Hap_1",NA,"Hap_2",NA
"C_IA011_18",NA,NA,"Hap_1","Hap_1","Hap_2","Hap_2",NA,NA,"Hap_3","Hap_4",NA,"Hap_1","Hap_2","Hap_1","Hap_3",NA,"Hap_2","Hap_2","Hap_3","Hap_3",NA,NA,"Hap_4","Hap_4","Hap_2","Hap_2","Hap_3",NA,"Hap_1",NA,"Hap_2",NA
"C_IA009_18","Hap_2","Hap_2","Hap_2","Hap_2","Hap_2","Hap_2","Hap_2","Hap_2","Hap_3","Hap_4",NA,"Hap_1","Hap_2","Hap_1","Hap_3",NA,"Hap_2","Hap_2","Hap_2","Hap_3","Hap_4",NA,"Hap_3","Hap_4","Hap_2","Hap_2",NA,NA,"Hap_1",NA,"Hap_2",NA
"C_IA014_18",NA,NA,"Hap_1","Hap_1","Hap_2","Hap_2",NA,NA,"Hap_3","Hap_4",NA,"Hap_1","Hap_2","Hap_1","Hap_3",NA,"Hap_2","Hap_2","Hap_3","Hap_3",NA,NA,"Hap_4","Hap_4","Hap_2","Hap_2","Hap_3",NA,"Hap_1",NA,"Hap_1","Hap_2"
"C_IA013_18",NA,NA,"Hap_1","Hap_1","Hap_1","Hap_1",NA,NA,"Hap_2","Hap_4",NA,"Hap_2","Hap_2","Hap_1","Hap_2","Hap_3","Hap_1","Hap_1","Hap_1","Hap_1",NA,NA,"Hap_1","Hap_2","Hap_1","Hap_1","Hap_8",NA,"Hap_1",NA,"Hap_1",NA
"C_IA016_18","Hap_2","Hap_2","Hap_2","Hap_2","Hap_2","Hap_2","Hap_2","Hap_2","Hap_3","Hap_4",NA,"Hap_1","Hap_2","Hap_1","Hap_3",NA,"Hap_2","Hap_2","Hap_2","Hap_3","Hap_4",NA,"Hap_3","Hap_4","Hap_2","Hap_2","Hap_3",NA,"Hap_1",NA,"Hap_2",NA
"C_IA018_18","Hap_1","Hap_1","Hap_1","Hap_1","Hap_1","Hap_1",NA,NA,"Hap_2","Hap_4",NA,"Hap_2","Hap_2","Hap_1","Hap_2","Hap_3","Hap_1","Hap_1","Hap_1","Hap_1",NA,NA,"Hap_1","Hap_2","Hap_1","Hap_1","Hap_8",NA,"Hap_1",NA,"Hap_1",NA
"C_IA017_18","Hap_2","Hap_2","Hap_1","Hap_1","Hap_2","Hap_2","Hap_2","Hap_2","Hap_3","Hap_3",NA,"Hap_2","Hap_2","Hap_2","Hap_4",NA,"Hap_2","Hap_2","Hap_2","Hap_3","Hap_4","Hap_5","Hap_3","Hap_4","Hap_2","Hap_2","Hap_9",NA,"Hap_3",NA,"Hap_2",NA
"C_IA019_18",NA,NA,"Hap_2","Hap_2","Hap_2","Hap_2",NA,NA,"Hap_3","Hap_3",NA,"Hap_1","Hap_1","Hap_3","Hap_3",NA,NA,NA,NA,NA,NA,NA,NA,NA,NA,NA,"Hap_3",NA,"Hap_1",NA,"Hap_2",NA
"C_IA020_18",NA,NA,"Hap_1","Hap_1",NA,NA,NA,NA,"Hap_3","Hap_3",NA,"Hap_1","Hap_1","Hap_3","Hap_3",NA,"Hap_2","Hap_2","Hap_3","Hap_3",NA,NA,"Hap_4","Hap_4","Hap_2","Hap_2","Hap_3",NA,"Hap_1",NA,"Hap_2",NA
"C_IA023_18","Hap_2","Hap_2",NA,NA,NA,NA,NA,NA,NA,NA,NA,"Hap_1","Hap_1",NA,NA,NA,NA,NA,NA,NA,NA,NA,NA,NA,NA,NA,"Hap_3",NA,"Hap_1",NA,"Hap_2",NA
"C_IA055_18",NA,NA,"Hap_1","Hap_1","Hap_1","Hap_1",NA,NA,"Hap_4","Hap_4",NA,"Hap_2","Hap_2","Hap_1","Hap_1",NA,"Hap_1","Hap_1","Hap_1","Hap_1",NA,NA,"Hap_1","Hap_2","Hap_1","Hap_1","Hap_8",NA,"Hap_2",NA,"Hap_1",NA
"C_IA027_18",NA,NA,NA,NA,"Hap_2","Hap_2",NA,NA,NA,NA,NA,NA,NA,NA,NA,NA,"Hap_2","Hap_2","Hap_3","Hap_3",NA,NA,"Hap_4","Hap_4","Hap_2","Hap_2","Hap_3",NA,"Hap_1",NA,"Hap_2",NA
"C_IA025_18",NA,NA,"Hap_1","Hap_1",NA,NA,NA,NA,NA,NA,NA,NA,NA,NA,NA,NA,"Hap_1","Hap_1","Hap_1","Hap_1",NA,NA,"Hap_1","Hap_1","Hap_1","Hap_1","Hap_17",NA,"Hap_1",NA,"Hap_1",NA
"C_IA024_18",NA,NA,NA,NA,"Hap_1","Hap_1",NA,NA,"Hap_3","Hap_4",NA,"Hap_1","Hap_2","Hap_1","Hap_3",NA,"Hap_1","Hap_1","Hap_1","Hap_1",NA,NA,"Hap_1","Hap_2","Hap_1","Hap_1","Hap_4",NA,"Hap_3",NA,"Hap_2",NA
"C_IA029_18",NA,NA,NA,NA,"Hap_1","Hap_1",NA,NA,"Hap_4","Hap_4",NA,"Hap_2","Hap_2","Hap_1","Hap_1",NA,NA,NA,NA,NA,NA,NA,NA,NA,NA,NA,"Hap_8",NA,"Hap_1",NA,"Hap_1",NA
"C_IA058_18","Hap_2","Hap_2","Hap_1","Hap_1","Hap_1","Hap_1","Hap_2","Hap_2","Hap_4","Hap_7",NA,"Hap_2","Hap_2","Hap_1","Hap_2","Hap_3","Hap_1","Hap_1","Hap_1","Hap_1",NA,NA,"Hap_1","Hap_2","Hap_1","Hap_1",NA,NA,"Hap_1",NA,"Hap_1",NA
"C_IA059_18","Hap_1","Hap_1","Hap_1","Hap_1","Hap_1","Hap_1","Hap_1","Hap_1",NA,NA,NA,NA,NA,NA,NA,NA,"Hap_1","Hap_1","Hap_1","Hap_1",NA,NA,"Hap_1","Hap_1","Hap_1","Hap_1","Hap_8",NA,"Hap_1",NA,"Hap_1",NA
"C_IA050_18","Hap_2","Hap_2","Hap_1","Hap_1","Hap_1","Hap_1","Hap_2","Hap_2","Hap_4","Hap_7",NA,"Hap_2","Hap_2","Hap_1","Hap_2","Hap_3","Hap_1","Hap_1","Hap_1","Hap_1",NA,NA,"Hap_1","Hap_2","Hap_1","Hap_1",NA,NA,"Hap_1",NA,"Hap_1",NA
"C_IA051_18","Hap_1","Hap_1","Hap_1","Hap_1","Hap_1","Hap_1","Hap_1","Hap_2","Hap_7","Hap_7",NA,"Hap_2","Hap_2","Hap_2","Hap_2",NA,"Hap_1","Hap_1","Hap_1","Hap_1",NA,NA,"Hap_1","Hap_2","Hap_1","Hap_1","Hap_8","Hap_17","Hap_1",NA,"Hap_1",NA
"C_IA052_18","Hap_2","Hap_2","Hap_1","Hap_1","Hap_1","Hap_1","Hap_2","Hap_2","Hap_4","Hap_7",NA,"Hap_2","Hap_2","Hap_1","Hap_2","Hap_3","Hap_1","Hap_1","Hap_1","Hap_1",NA,NA,"Hap_1","Hap_2","Hap_1","Hap_1","Hap_17",NA,"Hap_1",NA,"Hap_1",NA
"C_IA054_18","Hap_2","Hap_2","Hap_2","Hap_2","Hap_1","Hap_1","Hap_2","Hap_2","Hap_6","Hap_6",NA,"Hap_2","Hap_2","Hap_3","Hap_3",NA,"Hap_1","Hap_1","Hap_1","Hap_1",NA,NA,"Hap_1","Hap_2","Hap_1","Hap_1","Hap_1","Hap_3","Hap_1",NA,"Hap_2",NA
"C_IA040_18","Hap_2","Hap_2","Hap_1","Hap_1","Hap_1","Hap_1","Hap_2","Hap_2","Hap_4","Hap_7",NA,"Hap_2","Hap_2","Hap_1","Hap_2","Hap_3","Hap_1","Hap_1","Hap_1","Hap_1",NA,NA,"Hap_1","Hap_2","Hap_1","Hap_1","Hap_17",NA,"Hap_1",NA,"Hap_1",NA
"C_IA042_18","Hap_1","Hap_1","Hap_1","Hap_1","Hap_1","Hap_1","Hap_1","Hap_1","Hap_2","Hap_4",NA,"Hap_2","Hap_2","Hap_1","Hap_2","Hap_3",NA,NA,"Hap_1","Hap_1",NA,NA,"Hap_1","Hap_2","Hap_1","Hap_1","Hap_8",NA,"Hap_1",NA,"Hap_1",NA
"C_IA043_18",NA,NA,"Hap_1","Hap_1","Hap_1","Hap_1",NA,NA,"Hap_7","Hap_7",NA,"Hap_2","Hap_2","Hap_2","Hap_2",NA,NA,NA,NA,NA,NA,NA,NA,NA,NA,NA,"Hap_8",NA,"Hap_1",NA,"Hap_1",NA
"C_IA044_18","Hap_2","Hap_2","Hap_1","Hap_1","Hap_1","Hap_1","Hap_2","Hap_2","Hap_4","Hap_7",NA,"Hap_2","Hap_2","Hap_1","Hap_2","Hap_3","Hap_1","Hap_1","Hap_1","Hap_1",NA,NA,"Hap_1","Hap_2","Hap_1","Hap_1","Hap_17",NA,"Hap_1",NA,"Hap_1",NA
"C_IA030_18","Hap_2","Hap_2",NA,NA,"Hap_1","Hap_1",NA,NA,"Hap_4","Hap_7",NA,"Hap_2","Hap_2","Hap_1","Hap_2","Hap_3","Hap_1","Hap_1","Hap_1","Hap_1",NA,NA,"Hap_1","Hap_2","Hap_1","Hap_1",NA,NA,"Hap_1",NA,"Hap_1",NA
"C_IA031_18",NA,NA,"Hap_1","Hap_1",NA,NA,NA,NA,"Hap_4","Hap_7",NA,"Hap_2","Hap_2","Hap_1","Hap_2",NA,"Hap_1","Hap_1","Hap_1","Hap_1",NA,NA,"Hap_1","Hap_1","Hap_1","Hap_1","Hap_17",NA,"Hap_1",NA,"Hap_1",NA
"C_IA034_18","Hap_2","Hap_2","Hap_1","Hap_1","Hap_1","Hap_1",NA,NA,"Hap_4","Hap_7",NA,"Hap_2","Hap_2","Hap_1","Hap_2","Hap_3","Hap_1","Hap_1","Hap_1","Hap_1",NA,NA,"Hap_1","Hap_2","Hap_1","Hap_1","Hap_17",NA,"Hap_1",NA,"Hap_1",NA
"C_IA035_18","Hap_2","Hap_2","Hap_1","Hap_1","Hap_1","Hap_1",NA,NA,"Hap_4","Hap_7",NA,"Hap_2","Hap_2","Hap_1","Hap_2","Hap_3","Hap_1","Hap_1","Hap_1","Hap_1",NA,NA,"Hap_1","Hap_2","Hap_1","Hap_1","Hap_17",NA,"Hap_1",NA,"Hap_1",NA
"C_IA036_18","Hap_2","Hap_2","Hap_1","Hap_1","Hap_1","Hap_1",NA,NA,"Hap_4","Hap_7",NA,"Hap_2","Hap_2","Hap_1","Hap_2","Hap_3","Hap_1","Hap_1","Hap_1","Hap_1",NA,NA,"Hap_1","Hap_2","Hap_1","Hap_1","Hap_17",NA,"Hap_1",NA,"Hap_1",NA
"C_IA038_18","Hap_2","Hap_2",NA,NA,"Hap_1","Hap_1","Hap_1","Hap_1","Hap_2","Hap_4","Hap_7","Hap_2","Hap_2","Hap_1","Hap_2","Hap_3","Hap_1","Hap_1","Hap_1","Hap_1",NA,NA,"Hap_1","Hap_2","Hap_1","Hap_1","Hap_8",NA,"Hap_1",NA,"Hap_1",NA
"C_IA039_18",NA,NA,"Hap_1","Hap_1","Hap_1","Hap_1","Hap_2","Hap_2","Hap_4","Hap_7",NA,"Hap_2","Hap_2","Hap_1","Hap_2","Hap_3","Hap_1","Hap_1","Hap_1","Hap_1",NA,NA,"Hap_1","Hap_2","Hap_1","Hap_1","Hap_17",NA,"Hap_1",NA,"Hap_1",NA
"C_IA045_18",NA,NA,NA,NA,"Hap_1","Hap_1","Hap_2","Hap_2","Hap_4","Hap_7",NA,"Hap_2","Hap_2","Hap_1","Hap_2","Hap_3","Hap_1","Hap_1","Hap_1","Hap_1",NA,NA,"Hap_1","Hap_2","Hap_1","Hap_1",NA,NA,"Hap_1",NA,"Hap_1",NA
"C_IA046_18","Hap_2","Hap_2","Hap_2","Hap_2","Hap_1","Hap_1","Hap_2","Hap_2","Hap_6","Hap_6",NA,"Hap_2","Hap_2",NA,NA,NA,"Hap_1","Hap_1","Hap_1","Hap_1",NA,NA,"Hap_1","Hap_2","Hap_1","Hap_1","Hap_1","Hap_3","Hap_1",NA,"Hap_2",NA
"C_IA047_18","Hap_2","Hap_2","Hap_1","Hap_1","Hap_1","Hap_1",NA,NA,"Hap_4","Hap_4",NA,"Hap_2","Hap_2","Hap_1","Hap_1",NA,"Hap_1","Hap_1","Hap_1","Hap_1",NA,NA,"Hap_1","Hap_2","Hap_1","Hap_1","Hap_8",NA,"Hap_2",NA,"Hap_1",NA
"C_IA048_18",NA,NA,"Hap_1","Hap_1","Hap_1","Hap_1",NA,NA,"Hap_4","Hap_7",NA,"Hap_2","Hap_2","Hap_1","Hap_2","Hap_3","Hap_1","Hap_1","Hap_1","Hap_1",NA,NA,"Hap_1","Hap_2","Hap_1","Hap_1","Hap_17",NA,"Hap_1",NA,"Hap_1",NA
"C_IA063_18","Hap_2","Hap_2","Hap_1","Hap_1","Hap_1","Hap_1","Hap_2","Hap_2","Hap_4","Hap_4",NA,"Hap_2","Hap_2","Hap_1","Hap_2",NA,"Hap_1","Hap_1","Hap_1","Hap_1",NA,NA,"Hap_1","Hap_2","Hap_1","Hap_1","Hap_17",NA,"Hap_1",NA,"Hap_1",NA
"C_IA049_18","Hap_2","Hap_2",NA,NA,"Hap_1","Hap_1","Hap_2","Hap_2","Hap_4","Hap_4",NA,"Hap_2","Hap_2","Hap_1","Hap_1",NA,NA,NA,NA,NA,NA,NA,NA,NA,NA,NA,"Hap_17",NA,"Hap_1","Hap_2","Hap_1",NA
"C_IA068_18","Hap_2","Hap_2","Hap_1","Hap_1","Hap_1","Hap_1","Hap_2","Hap_2","Hap_4","Hap_7",NA,"Hap_2","Hap_2","Hap_1","Hap_2","Hap_3","Hap_1","Hap_1","Hap_1","Hap_1",NA,NA,"Hap_1","Hap_2","Hap_1","Hap_1","Hap_17",NA,"Hap_1",NA,"Hap_1",NA
"C_IA069_18","Hap_2","Hap_2","Hap_1","Hap_1","Hap_1","Hap_1","Hap_2","Hap_2","Hap_4","Hap_7",NA,"Hap_2","Hap_2","Hap_1","Hap_2","Hap_3","Hap_1","Hap_1","Hap_1","Hap_1",NA,NA,"Hap_1","Hap_2","Hap_1","Hap_1","Hap_17",NA,"Hap_1",NA,"Hap_1",NA
"C_IA070_18","Hap_2","Hap_2","Hap_1","Hap_1","Hap_1","Hap_1","Hap_2","Hap_2","Hap_4","Hap_7",NA,"Hap_2","Hap_2","Hap_1","Hap_2","Hap_3","Hap_1","Hap_1","Hap_1","Hap_1",NA,NA,"Hap_1","Hap_2","Hap_1","Hap_1","Hap_17",NA,"Hap_1",NA,"Hap_1",NA
"C_IA078_18",NA,NA,"Hap_1","Hap_1","Hap_1","Hap_1","Hap_2","Hap_2","Hap_4","Hap_7",NA,"Hap_2","Hap_2","Hap_1","Hap_2","Hap_3","Hap_1","Hap_1","Hap_1","Hap_1",NA,NA,"Hap_1","Hap_2","Hap_1","Hap_1",NA,NA,"Hap_1",NA,"Hap_1",NA
"C_IA065_18","Hap_2","Hap_2","Hap_1","Hap_1","Hap_1","Hap_1","Hap_1","Hap_1","Hap_5","Hap_6",NA,"Hap_2","Hap_2","Hap_3","Hap_3",NA,"Hap_1","Hap_1","Hap_1","Hap_1",NA,NA,"Hap_1","Hap_2","Hap_1","Hap_1","Hap_12",NA,"Hap_1",NA,"Hap_1",NA
"C_IA066_18","Hap_2","Hap_2","Hap_2","Hap_2",NA,NA,"Hap_2","Hap_2","Hap_5","Hap_5",NA,"Hap_2","Hap_2","Hap_3","Hap_3",NA,"Hap_1","Hap_1","Hap_1","Hap_1",NA,NA,"Hap_1","Hap_2","Hap_1","Hap_1","Hap_3",NA,"Hap_1",NA,"Hap_2",NA
"C_IA076_18",NA,NA,"Hap_1","Hap_1","Hap_1","Hap_1",NA,NA,"Hap_4","Hap_4",NA,"Hap_2","Hap_2","Hap_1","Hap_1",NA,"Hap_1","Hap_1","Hap_1","Hap_1",NA,NA,"Hap_1","Hap_2","Hap_1","Hap_1","Hap_17",NA,"Hap_1",NA,"Hap_1",NA
"C_IA077_18","Hap_2","Hap_2","Hap_1","Hap_1","Hap_1","Hap_1","Hap_2","Hap_2","Hap_4","Hap_7",NA,"Hap_2","Hap_2","Hap_1","Hap_2","Hap_3","Hap_1","Hap_1","Hap_1","Hap_1",NA,NA,"Hap_1","Hap_2","Hap_1","Hap_1",NA,NA,"Hap_1",NA,"Hap_1",NA
"C_IA075_18","Hap_2","Hap_2","Hap_1","Hap_1","Hap_1","Hap_1","Hap_2","Hap_2","Hap_4","Hap_7",NA,"Hap_2","Hap_2","Hap_1","Hap_2","Hap_3","Hap_1","Hap_1","Hap_1","Hap_1",NA,NA,"Hap_1","Hap_2","Hap_1","Hap_1","Hap_17",NA,"Hap_1",NA,"Hap_1",NA
"C_IA062_18","Hap_2","Hap_2","Hap_1","Hap_1","Hap_1","Hap_1","Hap_2","Hap_2","Hap_7","Hap_7",NA,"Hap_2","Hap_2","Hap_2","Hap_2",NA,"Hap_1","Hap_1","Hap_1","Hap_1",NA,NA,"Hap_1","Hap_2","Hap_1","Hap_1","Hap_17",NA,"Hap_1",NA,"Hap_1",NA
"C_IA082_18","Hap_2","Hap_2","Hap_1","Hap_1","Hap_1","Hap_1",NA,NA,"Hap_4","Hap_7",NA,"Hap_2","Hap_2","Hap_1","Hap_2",NA,"Hap_1","Hap_1","Hap_1","Hap_1",NA,NA,"Hap_1","Hap_2","Hap_1","Hap_1",NA,NA,"Hap_1",NA,"Hap_1",NA
"C_IA084_18","Hap_2","Hap_2",NA,NA,NA,NA,"Hap_2","Hap_2","Hap_5","Hap_5",NA,"Hap_2","Hap_2",NA,NA,NA,"Hap_1","Hap_1","Hap_1","Hap_1",NA,NA,"Hap_2","Hap_2","Hap_1","Hap_1","Hap_3",NA,"Hap_1",NA,"Hap_2",NA
"C_IA083_18","Hap_2","Hap_2","Hap_1","Hap_1","Hap_1","Hap_1","Hap_2","Hap_2","Hap_4","Hap_7",NA,"Hap_2","Hap_2","Hap_1","Hap_2",NA,"Hap_1","Hap_1","Hap_1","Hap_1",NA,NA,"Hap_1","Hap_2","Hap_1","Hap_1",NA,NA,"Hap_1",NA,"Hap_1",NA
"C_IA080_18",NA,NA,NA,NA,NA,NA,NA,NA,"Hap_2","Hap_2",NA,"Hap_2","Hap_2","Hap_1","Hap_1",NA,"Hap_1","Hap_1","Hap_1","Hap_1",NA,NA,"Hap_1","Hap_2","Hap_1","Hap_1","Hap_13",NA,"Hap_1",NA,"Hap_2",NA
"C_IA086_18",NA,NA,"Hap_1","Hap_1",NA,NA,NA,NA,"Hap_4","Hap_7",NA,"Hap_2","Hap_2","Hap_1","Hap_2","Hap_3","Hap_1","Hap_1","Hap_1","Hap_1",NA,NA,"Hap_1","Hap_2","Hap_1","Hap_1","Hap_17",NA,"Hap_1",NA,"Hap_1",NA
"C_IA064_18","Hap_2","Hap_2","Hap_1","Hap_1","Hap_1","Hap_1","Hap_2","Hap_2","Hap_4","Hap_7",NA,"Hap_2","Hap_2","Hap_1","Hap_2","Hap_3","Hap_1","Hap_1","Hap_1","Hap_1",NA,NA,"Hap_1","Hap_2","Hap_1","Hap_1","Hap_17",NA,"Hap_1",NA,"Hap_1",NA
"C_IA085_18",NA,NA,"Hap_1","Hap_1","Hap_1","Hap_1",NA,NA,"Hap_4","Hap_7",NA,"Hap_2","Hap_2","Hap_1","Hap_2",NA,"Hap_1","Hap_1","Hap_1","Hap_1",NA,NA,"Hap_1","Hap_2","Hap_1","Hap_1","Hap_17",NA,"Hap_1",NA,"Hap_1",NA
"C_IA087_18","Hap_2","Hap_2","Hap_1","Hap_1","Hap_1","Hap_1",NA,NA,"Hap_4","Hap_7",NA,"Hap_2","Hap_2","Hap_1","Hap_2","Hap_3","Hap_1","Hap_1","Hap_1","Hap_1",NA,NA,"Hap_1","Hap_2","Hap_1","Hap_1","Hap_17",NA,"Hap_1",NA,"Hap_1",NA
"C_IA092_18","Hap_2","Hap_2","Hap_1","Hap_1","Hap_1","Hap_1","Hap_2","Hap_2","Hap_4","Hap_7",NA,"Hap_2","Hap_2","Hap_1","Hap_2","Hap_3","Hap_1","Hap_1","Hap_1","Hap_1",NA,NA,"Hap_1","Hap_2","Hap_1","Hap_1","Hap_17",NA,"Hap_1",NA,"Hap_1",NA
"C_IA091_18","Hap_2","Hap_2","Hap_1","Hap_1","Hap_1","Hap_1","Hap_2","Hap_2","Hap_4","Hap_7",NA,"Hap_2","Hap_2","Hap_1","Hap_2","Hap_3","Hap_1","Hap_1","Hap_1","Hap_1",NA,NA,"Hap_1","Hap_2","Hap_1","Hap_1","Hap_17",NA,"Hap_1",NA,"Hap_1",NA
"C_IA090_18","Hap_2","Hap_2","Hap_2","Hap_2","Hap_1","Hap_1","Hap_2","Hap_2","Hap_5","Hap_6",NA,"Hap_2","Hap_2","Hap_3","Hap_3",NA,"Hap_1","Hap_1","Hap_1","Hap_1",NA,NA,"Hap_1","Hap_2","Hap_1","Hap_1","Hap_3",NA,"Hap_1",NA,"Hap_2",NA
"C_IA060_18",NA,NA,"Hap_1","Hap_1","Hap_1","Hap_1","Hap_2","Hap_2",NA,NA,NA,NA,NA,NA,NA,NA,"Hap_1","Hap_1","Hap_1","Hap_1",NA,NA,"Hap_1","Hap_2","Hap_1","Hap_1",NA,NA,"Hap_1",NA,"Hap_1",NA
"C_IA099_18","Hap_2","Hap_2","Hap_1","Hap_1","Hap_1","Hap_1",NA,NA,"Hap_4","Hap_7",NA,"Hap_2","Hap_2","Hap_1","Hap_2",NA,"Hap_1","Hap_1","Hap_1","Hap_1",NA,NA,"Hap_1","Hap_2","Hap_1","Hap_1","Hap_17",NA,"Hap_1",NA,"Hap_1",NA
"C_IA104_18","Hap_2","Hap_2","Hap_1","Hap_1","Hap_1","Hap_1","Hap_2","Hap_2","Hap_4","Hap_7",NA,"Hap_2","Hap_2","Hap_1","Hap_2","Hap_3","Hap_1","Hap_1","Hap_1","Hap_1",NA,NA,"Hap_1","Hap_2","Hap_1","Hap_1","Hap_17",NA,"Hap_1",NA,"Hap_1",NA
