	CDC1_Hap_1	CDC1_Hap_2	CDC2_Hap_1	CDC2_Hap_2	CDC3_Hap_1	CDC3_Hap_2	CDC4_Hap_1	CDC4_Hap_2	X378_PART_A_Hap_1	X378_PART_A_Hap_2	X378_PART_A_Hap_3	X378_PART_B_Hap_1	X378_PART_B_Hap_2	X378_PART_C_Hap_1	X378_PART_C_Hap_2	X378_PART_C_Hap_3	X360i2_PART_A_Hap_1	X360i2_PART_A_Hap_2	X360i2_PART_B_Hap_1	X360i2_PART_B_Hap_2	X360i2_PART_B_Hap_3	X360i2_PART_B_Hap_4	X360i2_PART_C_Hap_1	X360i2_PART_C_Hap_2	X360i2_PART_D_Hap_1	X360i2_PART_D_Hap_2	Junction_Hap_1	Junction_Hap_2	MSR_Left_Hap_1	MSR_Left_Hap_2	MSR_Right_Hap_1	MSR_Right_Hap_2
0	Hap_1	Hap_1	Hap_1	Hap_1	Hap_2	Hap_2	Hap_1	Hap_1	Hap_2	Hap_4		Hap_2	Hap_2	Hap_1	Hap_2	Hap_3	Hap_2	Hap_2	Hap_2	Hap_3	Hap_4		Hap_3	Hap_4	Hap_2	Hap_2	Hap_12		Hap_2		Hap_1	
1			Hap_2	Hap_2	Hap_1	Hap_1			Hap_5	Hap_6		Hap_2	Hap_2	Hap_3	Hap_3		Hap_1	Hap_1	Hap_1	Hap_1			Hap_1	Hap_2	Hap_1	Hap_1	Hap_3		Hap_1		Hap_2	
2			Hap_1	Hap_1	Hap_2	Hap_2			Hap_3	Hap_4		Hap_1	Hap_2	Hap_1	Hap_3		Hap_2	Hap_2	Hap_2	Hap_3	Hap_4		Hap_3	Hap_4	Hap_2	Hap_2	Hap_3		Hap_1		Hap_2	
3			Hap_1	Hap_1	Hap_2	Hap_2	Hap_2	Hap_2									Hap_2	Hap_2	Hap_2	Hap_2			Hap_3	Hap_3	Hap_2	Hap_2	Hap_3		Hap_1		Hap_2	
4			Hap_1	Hap_1	Hap_1	Hap_1			Hap_2	Hap_4		Hap_2	Hap_2	Hap_1	Hap_2	Hap_3	Hap_1	Hap_1	Hap_1	Hap_1			Hap_1	Hap_2	Hap_1	Hap_1	Hap_8		Hap_1		Hap_1	
5			Hap_2	Hap_2	Hap_2	Hap_2			Hap_3	Hap_4		Hap_1	Hap_2	Hap_1	Hap_3		Hap_2	Hap_2	Hap_2	Hap_3	Hap_4		Hap_3	Hap_4	Hap_2	Hap_2	Hap_3		Hap_1		Hap_2	
6			Hap_1	Hap_1	Hap_2	Hap_2			Hap_3	Hap_4		Hap_1	Hap_2	Hap_1	Hap_3		Hap_2	Hap_2	Hap_3	Hap_3			Hap_4	Hap_4	Hap_2	Hap_2	Hap_3		Hap_1		Hap_2	
7	Hap_2	Hap_2	Hap_2	Hap_2	Hap_2	Hap_2	Hap_2	Hap_2	Hap_3	Hap_4		Hap_1	Hap_2	Hap_1	Hap_3		Hap_2	Hap_2	Hap_2	Hap_3	Hap_4		Hap_3	Hap_4	Hap_2	Hap_2			Hap_1		Hap_2	
8			Hap_1	Hap_1	Hap_2	Hap_2			Hap_3	Hap_4		Hap_1	Hap_2	Hap_1	Hap_3		Hap_2	Hap_2	Hap_3	Hap_3			Hap_4	Hap_4	Hap_2	Hap_2	Hap_3		Hap_1		Hap_1	Hap_2
9			Hap_1	Hap_1	Hap_1	Hap_1			Hap_2	Hap_4		Hap_2	Hap_2	Hap_1	Hap_2	Hap_3	Hap_1	Hap_1	Hap_1	Hap_1			Hap_1	Hap_2	Hap_1	Hap_1	Hap_8		Hap_1		Hap_1	
10	Hap_2	Hap_2	Hap_2	Hap_2	Hap_2	Hap_2	Hap_2	Hap_2	Hap_3	Hap_4		Hap_1	Hap_2	Hap_1	Hap_3		Hap_2	Hap_2	Hap_2	Hap_3	Hap_4		Hap_3	Hap_4	Hap_2	Hap_2	Hap_3		Hap_1		Hap_2	
11	Hap_1	Hap_1	Hap_1	Hap_1	Hap_1	Hap_1			Hap_2	Hap_4		Hap_2	Hap_2	Hap_1	Hap_2	Hap_3	Hap_1	Hap_1	Hap_1	Hap_1			Hap_1	Hap_2	Hap_1	Hap_1	Hap_8		Hap_1		Hap_1	
12	Hap_2	Hap_2	Hap_1	Hap_1	Hap_2	Hap_2	Hap_2	Hap_2	Hap_3	Hap_3		Hap_2	Hap_2	Hap_2	Hap_4		Hap_2	Hap_2	Hap_2	Hap_3	Hap_4	Hap_5	Hap_3	Hap_4	Hap_2	Hap_2	Hap_9		Hap_3		Hap_2	
13			Hap_2	Hap_2	Hap_2	Hap_2			Hap_3	Hap_3		Hap_1	Hap_1	Hap_3	Hap_3												Hap_3		Hap_1		Hap_2	
14			Hap_1	Hap_1					Hap_3	Hap_3		Hap_1	Hap_1	Hap_3	Hap_3		Hap_2	Hap_2	Hap_3	Hap_3			Hap_4	Hap_4	Hap_2	Hap_2	Hap_3		Hap_1		Hap_2	
15	Hap_2	Hap_2										Hap_1	Hap_1														Hap_3		Hap_1		Hap_2	
16			Hap_1	Hap_1	Hap_1	Hap_1			Hap_4	Hap_4		Hap_2	Hap_2	Hap_1	Hap_1		Hap_1	Hap_1	Hap_1	Hap_1			Hap_1	Hap_2	Hap_1	Hap_1	Hap_8		Hap_2		Hap_1	
17					Hap_2	Hap_2											Hap_2	Hap_2	Hap_3	Hap_3			Hap_4	Hap_4	Hap_2	Hap_2	Hap_3		Hap_1		Hap_2	
18			Hap_1	Hap_1													Hap_1	Hap_1	Hap_1	Hap_1			Hap_1	Hap_1	Hap_1	Hap_1	Hap_17		Hap_1		Hap_1	
19					Hap_1	Hap_1			Hap_3	Hap_4		Hap_1	Hap_2	Hap_1	Hap_3		Hap_1	Hap_1	Hap_1	Hap_1			Hap_1	Hap_2	Hap_1	Hap_1	Hap_4		Hap_3		Hap_2	
20					Hap_1	Hap_1			Hap_4	Hap_4		Hap_2	Hap_2	Hap_1	Hap_1												Hap_8		Hap_1		Hap_1	
21	Hap_2	Hap_2	Hap_1	Hap_1	Hap_1	Hap_1	Hap_2	Hap_2	Hap_4	Hap_7		Hap_2	Hap_2	Hap_1	Hap_2	Hap_3	Hap_1	Hap_1	Hap_1	Hap_1			Hap_1	Hap_2	Hap_1	Hap_1			Hap_1		Hap_1	
22	Hap_1	Hap_1	Hap_1	Hap_1	Hap_1	Hap_1	Hap_1	Hap_1									Hap_1	Hap_1	Hap_1	Hap_1			Hap_1	Hap_1	Hap_1	Hap_1	Hap_8		Hap_1		Hap_1	
23	Hap_2	Hap_2	Hap_1	Hap_1	Hap_1	Hap_1	Hap_2	Hap_2	Hap_4	Hap_7		Hap_2	Hap_2	Hap_1	Hap_2	Hap_3	Hap_1	Hap_1	Hap_1	Hap_1			Hap_1	Hap_2	Hap_1	Hap_1			Hap_1		Hap_1	
24	Hap_1	Hap_1	Hap_1	Hap_1	Hap_1	Hap_1	Hap_1	Hap_2	Hap_7	Hap_7		Hap_2	Hap_2	Hap_2	Hap_2		Hap_1	Hap_1	Hap_1	Hap_1			Hap_1	Hap_2	Hap_1	Hap_1	Hap_8	Hap_17	Hap_1		Hap_1	
25	Hap_2	Hap_2	Hap_1	Hap_1	Hap_1	Hap_1	Hap_2	Hap_2	Hap_4	Hap_7		Hap_2	Hap_2	Hap_1	Hap_2	Hap_3	Hap_1	Hap_1	Hap_1	Hap_1			Hap_1	Hap_2	Hap_1	Hap_1	Hap_17		Hap_1		Hap_1	
26	Hap_2	Hap_2	Hap_2	Hap_2	Hap_1	Hap_1	Hap_2	Hap_2	Hap_6	Hap_6		Hap_2	Hap_2	Hap_3	Hap_3		Hap_1	Hap_1	Hap_1	Hap_1			Hap_1	Hap_2	Hap_1	Hap_1	Hap_1	Hap_3	Hap_1		Hap_2	
27	Hap_2	Hap_2	Hap_1	Hap_1	Hap_1	Hap_1	Hap_2	Hap_2	Hap_4	Hap_7		Hap_2	Hap_2	Hap_1	Hap_2	Hap_3	Hap_1	Hap_1	Hap_1	Hap_1			Hap_1	Hap_2	Hap_1	Hap_1	Hap_17		Hap_1		Hap_1	
28	Hap_1	Hap_1	Hap_1	Hap_1	Hap_1	Hap_1	Hap_1	Hap_1	Hap_2	Hap_4		Hap_2	Hap_2	Hap_1	Hap_2	Hap_3			Hap_1	Hap_1			Hap_1	Hap_2	Hap_1	Hap_1	Hap_8		Hap_1		Hap_1	
29			Hap_1	Hap_1	Hap_1	Hap_1			Hap_7	Hap_7		Hap_2	Hap_2	Hap_2	Hap_2												Hap_8		Hap_1		Hap_1	
30	Hap_2	Hap_2	Hap_1	Hap_1	Hap_1	Hap_1	Hap_2	Hap_2	Hap_4	Hap_7		Hap_2	Hap_2	Hap_1	Hap_2	Hap_3	Hap_1	Hap_1	Hap_1	Hap_1			Hap_1	Hap_2	Hap_1	Hap_1	Hap_17		Hap_1		Hap_1	
31	Hap_2	Hap_2			Hap_1	Hap_1			Hap_4	Hap_7		Hap_2	Hap_2	Hap_1	Hap_2	Hap_3	Hap_1	Hap_1	Hap_1	Hap_1			Hap_1	Hap_2	Hap_1	Hap_1			Hap_1		Hap_1	
32			Hap_1	Hap_1					Hap_4	Hap_7		Hap_2	Hap_2	Hap_1	Hap_2		Hap_1	Hap_1	Hap_1	Hap_1			Hap_1	Hap_1	Hap_1	Hap_1	Hap_17		Hap_1		Hap_1	
33	Hap_2	Hap_2	Hap_1	Hap_1	Hap_1	Hap_1			Hap_4	Hap_7		Hap_2	Hap_2	Hap_1	Hap_2	Hap_3	Hap_1	Hap_1	Hap_1	Hap_1			Hap_1	Hap_2	Hap_1	Hap_1	Hap_17		Hap_1		Hap_1	
34	Hap_2	Hap_2	Hap_1	Hap_1	Hap_1	Hap_1			Hap_4	Hap_7		Hap_2	Hap_2	Hap_1	Hap_2	Hap_3	Hap_1	Hap_1	Hap_1	Hap_1			Hap_1	Hap_2	Hap_1	Hap_1	Hap_17		Hap_1		Hap_1	
35	Hap_2	Hap_2	Hap_1	Hap_1	Hap_1	Hap_1			Hap_4	Hap_7		Hap_2	Hap_2	Hap_1	Hap_2	Hap_3	Hap_1	Hap_1	Hap_1	Hap_1			Hap_1	Hap_2	Hap_1	Hap_1	Hap_17		Hap_1		Hap_1	
36	Hap_2	Hap_2			Hap_1	Hap_1	Hap_1	Hap_1	Hap_2	Hap_4	Hap_7	Hap_2	Hap_2	Hap_1	Hap_2	Hap_3	Hap_1	Hap_1	Hap_1	Hap_1			Hap_1	Hap_2	Hap_1	Hap_1	Hap_8		Hap_1		Hap_1	
37			Hap_1	Hap_1	Hap_1	Hap_1	Hap_2	Hap_2	Hap_4	Hap_7		Hap_2	Hap_2	Hap_1	Hap_2	Hap_3	Hap_1	Hap_1	Hap_1	Hap_1			Hap_1	Hap_2	Hap_1	Hap_1	Hap_17		Hap_1		Hap_1	
38					Hap_1	Hap_1	Hap_2	Hap_2	Hap_4	Hap_7		Hap_2	Hap_2	Hap_1	Hap_2	Hap_3	Hap_1	Hap_1	Hap_1	Hap_1			Hap_1	Hap_2	Hap_1	Hap_1			Hap_1		Hap_1	
39	Hap_2	Hap_2	Hap_2	Hap_2	Hap_1	Hap_1	Hap_2	Hap_2	Hap_6	Hap_6		Hap_2	Hap_2				Hap_1	Hap_1	Hap_1	Hap_1			Hap_1	Hap_2	Hap_1	Hap_1	Hap_1	Hap_3	Hap_1		Hap_2	
40	Hap_2	Hap_2	Hap_1	Hap_1	Hap_1	Hap_1			Hap_4	Hap_4		Hap_2	Hap_2	Hap_1	Hap_1		Hap_1	Hap_1	Hap_1	Hap_1			Hap_1	Hap_2	Hap_1	Hap_1	Hap_8		Hap_2		Hap_1	
41			Hap_1	Hap_1	Hap_1	Hap_1			Hap_4	Hap_7		Hap_2	Hap_2	Hap_1	Hap_2	Hap_3	Hap_1	Hap_1	Hap_1	Hap_1			Hap_1	Hap_2	Hap_1	Hap_1	Hap_17		Hap_1		Hap_1	
42	Hap_2	Hap_2	Hap_1	Hap_1	Hap_1	Hap_1	Hap_2	Hap_2	Hap_4	Hap_4		Hap_2	Hap_2	Hap_1	Hap_2		Hap_1	Hap_1	Hap_1	Hap_1			Hap_1	Hap_2	Hap_1	Hap_1	Hap_17		Hap_1		Hap_1	
43	Hap_2	Hap_2			Hap_1	Hap_1	Hap_2	Hap_2	Hap_4	Hap_4		Hap_2	Hap_2	Hap_1	Hap_1												Hap_17		Hap_1	Hap_2	Hap_1	
44	Hap_2	Hap_2	Hap_1	Hap_1	Hap_1	Hap_1	Hap_2	Hap_2	Hap_4	Hap_7		Hap_2	Hap_2	Hap_1	Hap_2	Hap_3	Hap_1	Hap_1	Hap_1	Hap_1			Hap_1	Hap_2	Hap_1	Hap_1	Hap_17		Hap_1		Hap_1	
45	Hap_2	Hap_2	Hap_1	Hap_1	Hap_1	Hap_1	Hap_2	Hap_2	Hap_4	Hap_7		Hap_2	Hap_2	Hap_1	Hap_2	Hap_3	Hap_1	Hap_1	Hap_1	Hap_1			Hap_1	Hap_2	Hap_1	Hap_1	Hap_17		Hap_1		Hap_1	
46	Hap_2	Hap_2	Hap_1	Hap_1	Hap_1	Hap_1	Hap_2	Hap_2	Hap_4	Hap_7		Hap_2	Hap_2	Hap_1	Hap_2	Hap_3	Hap_1	Hap_1	Hap_1	Hap_1			Hap_1	Hap_2	Hap_1	Hap_1	Hap_17		Hap_1		Hap_1	
47			Hap_1	Hap_1	Hap_1	Hap_1	Hap_2	Hap_2	Hap_4	Hap_7		Hap_2	Hap_2	Hap_1	Hap_2	Hap_3	Hap_1	Hap_1	Hap_1	Hap_1			Hap_1	Hap_2	Hap_1	Hap_1			Hap_1		Hap_1	
48	Hap_2	Hap_2	Hap_1	Hap_1	Hap_1	Hap_1	Hap_1	Hap_1	Hap_5	Hap_6		Hap_2	Hap_2	Hap_3	Hap_3		Hap_1	Hap_1	Hap_1	Hap_1			Hap_1	Hap_2	Hap_1	Hap_1	Hap_12		Hap_1		Hap_1	
49	Hap_2	Hap_2	Hap_2	Hap_2			Hap_2	Hap_2	Hap_5	Hap_5		Hap_2	Hap_2	Hap_3	Hap_3		Hap_1	Hap_1	Hap_1	Hap_1			Hap_1	Hap_2	Hap_1	Hap_1	Hap_3		Hap_1		Hap_2	
50			Hap_1	Hap_1	Hap_1	Hap_1			Hap_4	Hap_4		Hap_2	Hap_2	Hap_1	Hap_1		Hap_1	Hap_1	Hap_1	Hap_1			Hap_1	Hap_2	Hap_1	Hap_1	Hap_17		Hap_1		Hap_1	
51	Hap_2	Hap_2	Hap_1	Hap_1	Hap_1	Hap_1	Hap_2	Hap_2	Hap_4	Hap_7		Hap_2	Hap_2	Hap_1	Hap_2	Hap_3	Hap_1	Hap_1	Hap_1	Hap_1			Hap_1	Hap_2	Hap_1	Hap_1			Hap_1		Hap_1	
52	Hap_2	Hap_2	Hap_1	Hap_1	Hap_1	Hap_1	Hap_2	Hap_2	Hap_4	Hap_7		Hap_2	Hap_2	Hap_1	Hap_2	Hap_3	Hap_1	Hap_1	Hap_1	Hap_1			Hap_1	Hap_2	Hap_1	Hap_1	Hap_17		Hap_1		Hap_1	
53	Hap_2	Hap_2	Hap_1	Hap_1	Hap_1	Hap_1	Hap_2	Hap_2	Hap_7	Hap_7		Hap_2	Hap_2	Hap_2	Hap_2		Hap_1	Hap_1	Hap_1	Hap_1			Hap_1	Hap_2	Hap_1	Hap_1	Hap_17		Hap_1		Hap_1	
54	Hap_2	Hap_2	Hap_1	Hap_1	Hap_1	Hap_1			Hap_4	Hap_7		Hap_2	Hap_2	Hap_1	Hap_2		Hap_1	Hap_1	Hap_1	Hap_1			Hap_1	Hap_2	Hap_1	Hap_1			Hap_1		Hap_1	
55	Hap_2	Hap_2					Hap_2	Hap_2	Hap_5	Hap_5		Hap_2	Hap_2				Hap_1	Hap_1	Hap_1	Hap_1			Hap_2	Hap_2	Hap_1	Hap_1	Hap_3		Hap_1		Hap_2	
56	Hap_2	Hap_2	Hap_1	Hap_1	Hap_1	Hap_1	Hap_2	Hap_2	Hap_4	Hap_7		Hap_2	Hap_2	Hap_1	Hap_2		Hap_1	Hap_1	Hap_1	Hap_1			Hap_1	Hap_2	Hap_1	Hap_1			Hap_1		Hap_1	
57									Hap_2	Hap_2		Hap_2	Hap_2	Hap_1	Hap_1		Hap_1	Hap_1	Hap_1	Hap_1			Hap_1	Hap_2	Hap_1	Hap_1	Hap_13		Hap_1		Hap_2	
58			Hap_1	Hap_1					Hap_4	Hap_7		Hap_2	Hap_2	Hap_1	Hap_2	Hap_3	Hap_1	Hap_1	Hap_1	Hap_1			Hap_1	Hap_2	Hap_1	Hap_1	Hap_17		Hap_1		Hap_1	
59	Hap_2	Hap_2	Hap_1	Hap_1	Hap_1	Hap_1	Hap_2	Hap_2	Hap_4	Hap_7		Hap_2	Hap_2	Hap_1	Hap_2	Hap_3	Hap_1	Hap_1	Hap_1	Hap_1			Hap_1	Hap_2	Hap_1	Hap_1	Hap_17		Hap_1		Hap_1	
60			Hap_1	Hap_1	Hap_1	Hap_1			Hap_4	Hap_7		Hap_2	Hap_2	Hap_1	Hap_2		Hap_1	Hap_1	Hap_1	Hap_1			Hap_1	Hap_2	Hap_1	Hap_1	Hap_17		Hap_1		Hap_1	
61	Hap_2	Hap_2	Hap_1	Hap_1	Hap_1	Hap_1			Hap_4	Hap_7		Hap_2	Hap_2	Hap_1	Hap_2	Hap_3	Hap_1	Hap_1	Hap_1	Hap_1			Hap_1	Hap_2	Hap_1	Hap_1	Hap_17		Hap_1		Hap_1	
62	Hap_2	Hap_2	Hap_1	Hap_1	Hap_1	Hap_1	Hap_2	Hap_2	Hap_4	Hap_7		Hap_2	Hap_2	Hap_1	Hap_2	Hap_3	Hap_1	Hap_1	Hap_1	Hap_1			Hap_1	Hap_2	Hap_1	Hap_1	Hap_17		Hap_1		Hap_1	
63	Hap_2	Hap_2	Hap_1	Hap_1	Hap_1	Hap_1	Hap_2	Hap_2	Hap_4	Hap_7		Hap_2	Hap_2	Hap_1	Hap_2	Hap_3	Hap_1	Hap_1	Hap_1	Hap_1			Hap_1	Hap_2	Hap_1	Hap_1	Hap_17		Hap_1		Hap_1	
64	Hap_2	Hap_2	Hap_2	Hap_2	Hap_1	Hap_1	Hap_2	Hap_2	Hap_5	Hap_6		Hap_2	Hap_2	Hap_3	Hap_3		Hap_1	Hap_1	Hap_1	Hap_1			Hap_1	Hap_2	Hap_1	Hap_1	Hap_3		Hap_1		Hap_2	
65			Hap_1	Hap_1	Hap_1	Hap_1	Hap_2	Hap_2									Hap_1	Hap_1	Hap_1	Hap_1			Hap_1	Hap_2	Hap_1	Hap_1			Hap_1		Hap_1	
66	Hap_2	Hap_2	Hap_1	Hap_1	Hap_1	Hap_1			Hap_4	Hap_7		Hap_2	Hap_2	Hap_1	Hap_2		Hap_1	Hap_1	Hap_1	Hap_1			Hap_1	Hap_2	Hap_1	Hap_1	Hap_17		Hap_1		Hap_1	
67	Hap_2	Hap_2	Hap_1	Hap_1	Hap_1	Hap_1	Hap_2	Hap_2	Hap_4	Hap_7		Hap_2	Hap_2	Hap_1	Hap_2	Hap_3	Hap_1	Hap_1	Hap_1	Hap_1			Hap_1	Hap_2	Hap_1	Hap_1	Hap_17		Hap_1		Hap_1	
