"1_Hap_CDC1","2_Hap_CDC1","1_Hap_CDC2","2_Hap_CDC2","1_Hap_CDC3","2_Hap_CDC3","1_Hap_CDC4","2_Hap_CDC4","1_Hap_X378_PART_A","2_Hap_X378_PART_A","3_Hap_X378_PART_A","1_Hap_X378_PART_B","2_Hap_X378_PART_B","1_Hap_X378_PART_C","2_Hap_X378_PART_C","3_Hap_X378_PART_C","1_Hap_X360i2_PART_A","2_Hap_X360i2_PART_A","1_Hap_X360i2_PART_B","2_Hap_X360i2_PART_B","3_Hap_X360i2_PART_B","4_Hap_X360i2_PART_B","1_Hap_X360i2_PART_C","2_Hap_X360i2_PART_C","1_Hap_X360i2.PART_D","2_Hap_X360i2.PART_D","1_Hap_Junction","2_Hap_Junction","1_Hap_MSR_Left","2_Hap_MSR_Left","1_Hap_MSR_Right","2_Hap_MSR_Right"
"Hap_1","Hap_1","Hap_1","Hap_1","Hap_2","Hap_2","Hap_1","Hap_1","Hap_2","Hap_4",NA,"Hap_2","Hap_2","Hap_1","Hap_2","Hap_3","Hap_2","Hap_2","Hap_2","Hap_3","Hap_4",NA,"Hap_3","Hap_4","Hap_2","Hap_2","Hap_12",NA,"Hap_2",NA,"Hap_1",NA
NA,NA,"Hap_2","Hap_2","Hap_1","Hap_1",NA,NA,"Hap_5","Hap_6",NA,"Hap_2","Hap_2","Hap_3","Hap_3",NA,"Hap_1","Hap_1","Hap_1","Hap_1",NA,NA,"Hap_1","Hap_2","Hap_1","Hap_1","Hap_3",NA,"Hap_1",NA,"Hap_2",NA
NA,NA,"Hap_1","Hap_1","Hap_2","Hap_2",NA,NA,"Hap_3","Hap_4",NA,"Hap_1","Hap_2","Hap_1","Hap_3",NA,"Hap_2","Hap_2","Hap_2","Hap_3","Hap_4",NA,"Hap_3","Hap_4","Hap_2","Hap_2","Hap_3",NA,"Hap_1",NA,"Hap_2",NA
NA,NA,"Hap_1","Hap_1","Hap_2","Hap_2","Hap_2","Hap_2",NA,NA,NA,NA,NA,NA,NA,NA,"Hap_2","Hap_2","Hap_2","Hap_2",NA,NA,"Hap_3","Hap_3","Hap_2","Hap_2","Hap_3",NA,"Hap_1",NA,"Hap_2",NA
NA,NA,"Hap_1","Hap_1","Hap_1","Hap_1",NA,NA,"Hap_2","Hap_4",NA,"Hap_2","Hap_2","Hap_1","Hap_2","Hap_3","Hap_1","Hap_1","Hap_1","Hap_1",NA,NA,"Hap_1","Hap_2","Hap_1","Hap_1","Hap_8",NA,"Hap_1",NA,"Hap_1",NA
NA,NA,"Hap_2","Hap_2","Hap_2","Hap_2",NA,NA,"Hap_3","Hap_4",NA,"Hap_1","Hap_2","Hap_1","Hap_3",NA,"Hap_2","Hap_2","Hap_2","Hap_3","Hap_4",NA,"Hap_3","Hap_4","Hap_2","Hap_2","Hap_3",NA,"Hap_1",NA,"Hap_2",NA
NA,NA,NA,NA,NA,NA,NA,NA,NA,NA,NA,NA,NA,NA,NA,NA,NA,NA,NA,NA,NA,NA,NA,NA,NA,NA,"Hap_3",NA,"Hap_1",NA,"Hap_2",NA
NA,NA,"Hap_1","Hap_1","Hap_2","Hap_2",NA,NA,"Hap_3","Hap_4",NA,"Hap_1","Hap_2","Hap_1","Hap_3",NA,"Hap_2","Hap_2","Hap_3","Hap_3",NA,NA,"Hap_4","Hap_4","Hap_2","Hap_2","Hap_3",NA,"Hap_1",NA,"Hap_2",NA
"Hap_2","Hap_2","Hap_2","Hap_2","Hap_2","Hap_2","Hap_2","Hap_2","Hap_3","Hap_4",NA,"Hap_1","Hap_2","Hap_1","Hap_3",NA,"Hap_2","Hap_2","Hap_2","Hap_3","Hap_4",NA,"Hap_3","Hap_4","Hap_2","Hap_2",NA,NA,"Hap_1",NA,"Hap_2",NA
NA,NA,"Hap_1","Hap_1","Hap_2","Hap_2",NA,NA,"Hap_3","Hap_4",NA,"Hap_1","Hap_2","Hap_1","Hap_3",NA,"Hap_2","Hap_2","Hap_3","Hap_3",NA,NA,"Hap_4","Hap_4","Hap_2","Hap_2","Hap_3",NA,"Hap_1",NA,"Hap_1","Hap_2"
NA,NA,"Hap_1","Hap_1","Hap_1","Hap_1",NA,NA,"Hap_2","Hap_4",NA,"Hap_2","Hap_2","Hap_1","Hap_2","Hap_3","Hap_1","Hap_1","Hap_1","Hap_1",NA,NA,"Hap_1","Hap_2","Hap_1","Hap_1","Hap_8",NA,"Hap_1",NA,"Hap_1",NA
NA,NA,NA,NA,NA,NA,NA,NA,NA,NA,NA,NA,NA,NA,NA,NA,NA,NA,NA,NA,NA,NA,NA,NA,NA,NA,"Hap_3",NA,"Hap_1",NA,"Hap_2",NA
NA,NA,NA,NA,NA,NA,NA,NA,NA,NA,NA,NA,NA,NA,NA,NA,NA,NA,NA,NA,NA,NA,NA,NA,NA,NA,"Hap_3",NA,"Hap_1",NA,"Hap_2",NA
"Hap_2","Hap_2","Hap_2","Hap_2","Hap_2","Hap_2","Hap_2","Hap_2","Hap_3","Hap_4",NA,"Hap_1","Hap_2","Hap_1","Hap_3",NA,"Hap_2","Hap_2","Hap_2","Hap_3","Hap_4",NA,"Hap_3","Hap_4","Hap_2","Hap_2","Hap_3",NA,"Hap_1",NA,"Hap_2",NA
"Hap_1","Hap_1","Hap_1","Hap_1","Hap_1","Hap_1",NA,NA,"Hap_2","Hap_4",NA,"Hap_2","Hap_2","Hap_1","Hap_2","Hap_3","Hap_1","Hap_1","Hap_1","Hap_1",NA,NA,"Hap_1","Hap_2","Hap_1","Hap_1","Hap_8",NA,"Hap_1",NA,"Hap_1",NA
"Hap_2","Hap_2","Hap_1","Hap_1","Hap_2","Hap_2","Hap_2","Hap_2","Hap_3","Hap_3",NA,"Hap_2","Hap_2","Hap_2","Hap_4",NA,"Hap_2","Hap_2","Hap_2","Hap_3","Hap_4","Hap_5","Hap_3","Hap_4","Hap_2","Hap_2","Hap_9",NA,"Hap_3",NA,"Hap_2",NA
NA,NA,"Hap_2","Hap_2","Hap_2","Hap_2",NA,NA,"Hap_3","Hap_3",NA,"Hap_1","Hap_1","Hap_3","Hap_3",NA,NA,NA,NA,NA,NA,NA,NA,NA,NA,NA,"Hap_3",NA,"Hap_1",NA,"Hap_2",NA
NA,NA,"Hap_1","Hap_1",NA,NA,NA,NA,"Hap_3","Hap_3",NA,"Hap_1","Hap_1","Hap_3","Hap_3",NA,"Hap_2","Hap_2","Hap_3","Hap_3",NA,NA,"Hap_4","Hap_4","Hap_2","Hap_2","Hap_3",NA,"Hap_1",NA,"Hap_2",NA
NA,NA,NA,NA,NA,NA,NA,NA,NA,NA,NA,NA,NA,NA,NA,NA,NA,NA,NA,NA,NA,NA,NA,NA,NA,NA,NA,NA,"Hap_3",NA,"Hap_2",NA
NA,NA,NA,NA,NA,NA,NA,NA,NA,NA,NA,NA,NA,NA,NA,NA,NA,NA,NA,NA,NA,NA,NA,NA,NA,NA,NA,NA,"Hap_2",NA,"Hap_1",NA
"Hap_2","Hap_2",NA,NA,NA,NA,NA,NA,NA,NA,NA,"Hap_1","Hap_1",NA,NA,NA,NA,NA,NA,NA,NA,NA,NA,NA,NA,NA,"Hap_3",NA,"Hap_1",NA,"Hap_2",NA
NA,NA,"Hap_1","Hap_1","Hap_1","Hap_1",NA,NA,"Hap_4","Hap_4",NA,"Hap_2","Hap_2","Hap_1","Hap_1",NA,"Hap_1","Hap_1","Hap_1","Hap_1",NA,NA,"Hap_1","Hap_2","Hap_1","Hap_1","Hap_8",NA,"Hap_2",NA,"Hap_1",NA
NA,NA,NA,NA,"Hap_2","Hap_2",NA,NA,NA,NA,NA,NA,NA,NA,NA,NA,"Hap_2","Hap_2","Hap_3","Hap_3",NA,NA,"Hap_4","Hap_4","Hap_2","Hap_2","Hap_3",NA,"Hap_1",NA,"Hap_2",NA
NA,NA,"Hap_1","Hap_1",NA,NA,NA,NA,NA,NA,NA,NA,NA,NA,NA,NA,"Hap_1","Hap_1","Hap_1","Hap_1",NA,NA,"Hap_1","Hap_1","Hap_1","Hap_1","Hap_17",NA,"Hap_1",NA,"Hap_1",NA
NA,NA,NA,NA,NA,NA,NA,NA,NA,NA,NA,NA,NA,NA,NA,NA,NA,NA,NA,NA,NA,NA,NA,NA,NA,NA,"Hap_17",NA,"Hap_1",NA,NA,NA
NA,NA,NA,NA,NA,NA,NA,NA,NA,NA,NA,NA,NA,NA,NA,NA,"Hap_2","Hap_2","Hap_3","Hap_3",NA,NA,"Hap_4","Hap_4","Hap_2","Hap_2","Hap_3","Hap_8","Hap_1",NA,"Hap_2",NA
"Hap_2","Hap_2",NA,NA,NA,NA,"Hap_2","Hap_2",NA,NA,NA,NA,NA,NA,NA,NA,NA,NA,NA,NA,NA,NA,NA,NA,NA,NA,"Hap_17",NA,"Hap_1",NA,"Hap_1",NA
NA,NA,NA,NA,"Hap_1","Hap_1",NA,NA,"Hap_3","Hap_4",NA,"Hap_1","Hap_2","Hap_1","Hap_3",NA,"Hap_1","Hap_1","Hap_1","Hap_1",NA,NA,"Hap_1","Hap_2","Hap_1","Hap_1","Hap_4",NA,"Hap_3",NA,"Hap_2",NA
NA,NA,NA,NA,"Hap_1","Hap_1",NA,NA,"Hap_4","Hap_4",NA,"Hap_2","Hap_2","Hap_1","Hap_1",NA,NA,NA,NA,NA,NA,NA,NA,NA,NA,NA,"Hap_8",NA,"Hap_1",NA,"Hap_1",NA
"Hap_2","Hap_2","Hap_1","Hap_1","Hap_1","Hap_1","Hap_2","Hap_2","Hap_4","Hap_7",NA,"Hap_2","Hap_2","Hap_1","Hap_2","Hap_3","Hap_1","Hap_1","Hap_1","Hap_1",NA,NA,"Hap_1","Hap_2","Hap_1","Hap_1",NA,NA,"Hap_1",NA,"Hap_1",NA
"Hap_1","Hap_1","Hap_1","Hap_1","Hap_1","Hap_1","Hap_1","Hap_1",NA,NA,NA,NA,NA,NA,NA,NA,"Hap_1","Hap_1","Hap_1","Hap_1",NA,NA,"Hap_1","Hap_1","Hap_1","Hap_1","Hap_8",NA,"Hap_1",NA,"Hap_1",NA
"Hap_2","Hap_2","Hap_1","Hap_1","Hap_1","Hap_1","Hap_2","Hap_2","Hap_4","Hap_7",NA,"Hap_2","Hap_2","Hap_1","Hap_2","Hap_3","Hap_1","Hap_1","Hap_1","Hap_1",NA,NA,"Hap_1","Hap_2","Hap_1","Hap_1",NA,NA,"Hap_1",NA,"Hap_1",NA
"Hap_1","Hap_1","Hap_1","Hap_1","Hap_1","Hap_1","Hap_1","Hap_2","Hap_7","Hap_7",NA,"Hap_2","Hap_2","Hap_2","Hap_2",NA,"Hap_1","Hap_1","Hap_1","Hap_1",NA,NA,"Hap_1","Hap_2","Hap_1","Hap_1","Hap_8","Hap_17","Hap_1",NA,"Hap_1",NA
"Hap_2","Hap_2","Hap_1","Hap_1","Hap_1","Hap_1","Hap_2","Hap_2","Hap_4","Hap_7",NA,"Hap_2","Hap_2","Hap_1","Hap_2","Hap_3","Hap_1","Hap_1","Hap_1","Hap_1",NA,NA,"Hap_1","Hap_2","Hap_1","Hap_1","Hap_17",NA,"Hap_1",NA,"Hap_1",NA
NA,NA,NA,NA,"Hap_1","Hap_1","Hap_2","Hap_2",NA,NA,NA,NA,NA,NA,NA,NA,NA,NA,NA,NA,NA,NA,NA,NA,NA,NA,NA,NA,"Hap_1",NA,"Hap_1",NA
"Hap_2","Hap_2","Hap_2","Hap_2","Hap_1","Hap_1","Hap_2","Hap_2","Hap_6","Hap_6",NA,"Hap_2","Hap_2","Hap_3","Hap_3",NA,"Hap_1","Hap_1","Hap_1","Hap_1",NA,NA,"Hap_1","Hap_2","Hap_1","Hap_1","Hap_1","Hap_3","Hap_1",NA,"Hap_2",NA
"Hap_2","Hap_2","Hap_1","Hap_1","Hap_1","Hap_1","Hap_2","Hap_2","Hap_4","Hap_7",NA,"Hap_2","Hap_2","Hap_1","Hap_2","Hap_3","Hap_1","Hap_1","Hap_1","Hap_1",NA,NA,"Hap_1","Hap_2","Hap_1","Hap_1","Hap_17",NA,"Hap_1",NA,"Hap_1",NA
NA,NA,NA,NA,NA,NA,NA,NA,"Hap_4","Hap_4",NA,"Hap_2","Hap_2","Hap_1","Hap_1",NA,"Hap_1","Hap_1","Hap_1","Hap_1",NA,NA,"Hap_1","Hap_1","Hap_1","Hap_1",NA,NA,"Hap_1",NA,"Hap_1",NA
"Hap_1","Hap_1","Hap_1","Hap_1","Hap_1","Hap_1","Hap_1","Hap_1","Hap_2","Hap_4",NA,"Hap_2","Hap_2","Hap_1","Hap_2","Hap_3",NA,NA,"Hap_1","Hap_1",NA,NA,"Hap_1","Hap_2","Hap_1","Hap_1","Hap_8",NA,"Hap_1",NA,"Hap_1",NA
NA,NA,"Hap_1","Hap_1","Hap_1","Hap_1",NA,NA,"Hap_7","Hap_7",NA,"Hap_2","Hap_2","Hap_2","Hap_2",NA,NA,NA,NA,NA,NA,NA,NA,NA,NA,NA,"Hap_8",NA,"Hap_1",NA,"Hap_1",NA
"Hap_2","Hap_2","Hap_1","Hap_1","Hap_1","Hap_1","Hap_2","Hap_2","Hap_4","Hap_7",NA,"Hap_2","Hap_2","Hap_1","Hap_2","Hap_3","Hap_1","Hap_1","Hap_1","Hap_1",NA,NA,"Hap_1","Hap_2","Hap_1","Hap_1","Hap_17",NA,"Hap_1",NA,"Hap_1",NA
"Hap_2","Hap_2",NA,NA,"Hap_1","Hap_1",NA,NA,"Hap_4","Hap_7",NA,"Hap_2","Hap_2","Hap_1","Hap_2","Hap_3","Hap_1","Hap_1","Hap_1","Hap_1",NA,NA,"Hap_1","Hap_2","Hap_1","Hap_1",NA,NA,"Hap_1",NA,"Hap_1",NA
NA,NA,"Hap_1","Hap_1",NA,NA,NA,NA,"Hap_4","Hap_7",NA,"Hap_2","Hap_2","Hap_1","Hap_2",NA,"Hap_1","Hap_1","Hap_1","Hap_1",NA,NA,"Hap_1","Hap_1","Hap_1","Hap_1","Hap_17",NA,"Hap_1",NA,"Hap_1",NA
"Hap_2","Hap_2",NA,NA,NA,NA,NA,NA,NA,NA,NA,NA,NA,NA,NA,NA,NA,NA,NA,NA,NA,NA,NA,NA,NA,NA,"Hap_17",NA,NA,NA,NA,NA
"Hap_2","Hap_2","Hap_1","Hap_1","Hap_1","Hap_1",NA,NA,"Hap_4","Hap_7",NA,"Hap_2","Hap_2","Hap_1","Hap_2","Hap_3","Hap_1","Hap_1","Hap_1","Hap_1",NA,NA,"Hap_1","Hap_2","Hap_1","Hap_1","Hap_17",NA,"Hap_1",NA,"Hap_1",NA
"Hap_2","Hap_2","Hap_1","Hap_1","Hap_1","Hap_1",NA,NA,"Hap_4","Hap_7",NA,"Hap_2","Hap_2","Hap_1","Hap_2","Hap_3","Hap_1","Hap_1","Hap_1","Hap_1",NA,NA,"Hap_1","Hap_2","Hap_1","Hap_1","Hap_17",NA,"Hap_1",NA,"Hap_1",NA
"Hap_2","Hap_2","Hap_1","Hap_1","Hap_1","Hap_1",NA,NA,"Hap_4","Hap_7",NA,"Hap_2","Hap_2","Hap_1","Hap_2","Hap_3","Hap_1","Hap_1","Hap_1","Hap_1",NA,NA,"Hap_1","Hap_2","Hap_1","Hap_1","Hap_17",NA,"Hap_1",NA,"Hap_1",NA
NA,NA,NA,NA,NA,NA,NA,NA,"Hap_7","Hap_7",NA,"Hap_2","Hap_2","Hap_2","Hap_2",NA,NA,NA,NA,NA,NA,NA,NA,NA,NA,NA,NA,NA,"Hap_1",NA,"Hap_1",NA
"Hap_2","Hap_2",NA,NA,"Hap_1","Hap_1","Hap_1","Hap_1","Hap_2","Hap_4","Hap_7","Hap_2","Hap_2","Hap_1","Hap_2","Hap_3","Hap_1","Hap_1","Hap_1","Hap_1",NA,NA,"Hap_1","Hap_2","Hap_1","Hap_1","Hap_8",NA,"Hap_1",NA,"Hap_1",NA
NA,NA,"Hap_1","Hap_1","Hap_1","Hap_1","Hap_2","Hap_2","Hap_4","Hap_7",NA,"Hap_2","Hap_2","Hap_1","Hap_2","Hap_3","Hap_1","Hap_1","Hap_1","Hap_1",NA,NA,"Hap_1","Hap_2","Hap_1","Hap_1","Hap_17",NA,"Hap_1",NA,"Hap_1",NA
NA,NA,NA,NA,"Hap_1","Hap_1","Hap_2","Hap_2","Hap_4","Hap_7",NA,"Hap_2","Hap_2","Hap_1","Hap_2","Hap_3","Hap_1","Hap_1","Hap_1","Hap_1",NA,NA,"Hap_1","Hap_2","Hap_1","Hap_1",NA,NA,"Hap_1",NA,"Hap_1",NA
"Hap_2","Hap_2","Hap_2","Hap_2","Hap_1","Hap_1","Hap_2","Hap_2","Hap_6","Hap_6",NA,"Hap_2","Hap_2",NA,NA,NA,"Hap_1","Hap_1","Hap_1","Hap_1",NA,NA,"Hap_1","Hap_2","Hap_1","Hap_1","Hap_1","Hap_3","Hap_1",NA,"Hap_2",NA
"Hap_2","Hap_2","Hap_1","Hap_1","Hap_1","Hap_1",NA,NA,"Hap_4","Hap_4",NA,"Hap_2","Hap_2","Hap_1","Hap_1",NA,"Hap_1","Hap_1","Hap_1","Hap_1",NA,NA,"Hap_1","Hap_2","Hap_1","Hap_1","Hap_8",NA,"Hap_2",NA,"Hap_1",NA
NA,NA,"Hap_1","Hap_1","Hap_1","Hap_1",NA,NA,"Hap_4","Hap_7",NA,"Hap_2","Hap_2","Hap_1","Hap_2","Hap_3","Hap_1","Hap_1","Hap_1","Hap_1",NA,NA,"Hap_1","Hap_2","Hap_1","Hap_1","Hap_17",NA,"Hap_1",NA,"Hap_1",NA
"Hap_2","Hap_2","Hap_1","Hap_1","Hap_1","Hap_1","Hap_2","Hap_2","Hap_4","Hap_4",NA,"Hap_2","Hap_2","Hap_1","Hap_2",NA,"Hap_1","Hap_1","Hap_1","Hap_1",NA,NA,"Hap_1","Hap_2","Hap_1","Hap_1","Hap_17",NA,"Hap_1",NA,"Hap_1",NA
"Hap_2","Hap_2",NA,NA,"Hap_1","Hap_1","Hap_2","Hap_2","Hap_4","Hap_4",NA,"Hap_2","Hap_2","Hap_1","Hap_1",NA,NA,NA,NA,NA,NA,NA,NA,NA,NA,NA,"Hap_17",NA,"Hap_1","Hap_2","Hap_1",NA
NA,NA,NA,NA,NA,NA,NA,NA,NA,NA,NA,NA,NA,NA,NA,NA,NA,NA,NA,NA,NA,NA,NA,NA,NA,NA,"Hap_12",NA,"Hap_1",NA,"Hap_2",NA
NA,NA,NA,NA,NA,NA,NA,NA,NA,NA,NA,NA,NA,NA,NA,NA,NA,NA,NA,NA,NA,NA,NA,NA,NA,NA,"Hap_17",NA,"Hap_1",NA,"Hap_1",NA
"Hap_2","Hap_2","Hap_1","Hap_1","Hap_1","Hap_1","Hap_2","Hap_2","Hap_4","Hap_7",NA,"Hap_2","Hap_2","Hap_1","Hap_2","Hap_3","Hap_1","Hap_1","Hap_1","Hap_1",NA,NA,"Hap_1","Hap_2","Hap_1","Hap_1","Hap_17",NA,"Hap_1",NA,"Hap_1",NA
"Hap_2","Hap_2","Hap_1","Hap_1","Hap_1","Hap_1","Hap_2","Hap_2","Hap_4","Hap_7",NA,"Hap_2","Hap_2","Hap_1","Hap_2","Hap_3","Hap_1","Hap_1","Hap_1","Hap_1",NA,NA,"Hap_1","Hap_2","Hap_1","Hap_1","Hap_17",NA,"Hap_1",NA,"Hap_1",NA
"Hap_2","Hap_2","Hap_1","Hap_1","Hap_1","Hap_1","Hap_2","Hap_2","Hap_4","Hap_7",NA,"Hap_2","Hap_2","Hap_1","Hap_2","Hap_3","Hap_1","Hap_1","Hap_1","Hap_1",NA,NA,"Hap_1","Hap_2","Hap_1","Hap_1","Hap_17",NA,"Hap_1",NA,"Hap_1",NA
NA,NA,"Hap_1","Hap_1","Hap_1","Hap_1","Hap_2","Hap_2","Hap_4","Hap_7",NA,"Hap_2","Hap_2","Hap_1","Hap_2","Hap_3","Hap_1","Hap_1","Hap_1","Hap_1",NA,NA,"Hap_1","Hap_2","Hap_1","Hap_1",NA,NA,"Hap_1",NA,"Hap_1",NA
"Hap_2","Hap_2","Hap_1","Hap_1","Hap_1","Hap_1","Hap_1","Hap_1","Hap_5","Hap_6",NA,"Hap_2","Hap_2","Hap_3","Hap_3",NA,"Hap_1","Hap_1","Hap_1","Hap_1",NA,NA,"Hap_1","Hap_2","Hap_1","Hap_1","Hap_12",NA,"Hap_1",NA,"Hap_1",NA
"Hap_2","Hap_2","Hap_2","Hap_2",NA,NA,"Hap_2","Hap_2","Hap_5","Hap_5",NA,"Hap_2","Hap_2","Hap_3","Hap_3",NA,"Hap_1","Hap_1","Hap_1","Hap_1",NA,NA,"Hap_1","Hap_2","Hap_1","Hap_1","Hap_3",NA,"Hap_1",NA,"Hap_2",NA
NA,NA,"Hap_1","Hap_1","Hap_1","Hap_1",NA,NA,"Hap_4","Hap_4",NA,"Hap_2","Hap_2","Hap_1","Hap_1",NA,"Hap_1","Hap_1","Hap_1","Hap_1",NA,NA,"Hap_1","Hap_2","Hap_1","Hap_1","Hap_17",NA,"Hap_1",NA,"Hap_1",NA
"Hap_2","Hap_2","Hap_1","Hap_1","Hap_1","Hap_1","Hap_2","Hap_2","Hap_4","Hap_7",NA,"Hap_2","Hap_2","Hap_1","Hap_2","Hap_3","Hap_1","Hap_1","Hap_1","Hap_1",NA,NA,"Hap_1","Hap_2","Hap_1","Hap_1",NA,NA,"Hap_1",NA,"Hap_1",NA
"Hap_2","Hap_2","Hap_1","Hap_1","Hap_1","Hap_1","Hap_2","Hap_2","Hap_4","Hap_7",NA,"Hap_2","Hap_2","Hap_1","Hap_2","Hap_3","Hap_1","Hap_1","Hap_1","Hap_1",NA,NA,"Hap_1","Hap_2","Hap_1","Hap_1","Hap_17",NA,"Hap_1",NA,"Hap_1",NA
"Hap_2","Hap_2","Hap_1","Hap_1","Hap_1","Hap_1","Hap_2","Hap_2","Hap_7","Hap_7",NA,"Hap_2","Hap_2","Hap_2","Hap_2",NA,"Hap_1","Hap_1","Hap_1","Hap_1",NA,NA,"Hap_1","Hap_2","Hap_1","Hap_1","Hap_17",NA,"Hap_1",NA,"Hap_1",NA
NA,NA,NA,NA,NA,NA,NA,NA,NA,NA,NA,NA,NA,NA,NA,NA,NA,NA,NA,NA,NA,NA,NA,NA,NA,NA,"Hap_17",NA,NA,NA,NA,NA
"Hap_2","Hap_2","Hap_1","Hap_1","Hap_1","Hap_1",NA,NA,"Hap_4","Hap_7",NA,"Hap_2","Hap_2","Hap_1","Hap_2",NA,"Hap_1","Hap_1","Hap_1","Hap_1",NA,NA,"Hap_1","Hap_2","Hap_1","Hap_1",NA,NA,"Hap_1",NA,"Hap_1",NA
"Hap_2","Hap_2",NA,NA,NA,NA,"Hap_2","Hap_2","Hap_5","Hap_5",NA,"Hap_2","Hap_2",NA,NA,NA,"Hap_1","Hap_1","Hap_1","Hap_1",NA,NA,"Hap_2","Hap_2","Hap_1","Hap_1","Hap_3",NA,"Hap_1",NA,"Hap_2",NA
"Hap_2","Hap_2","Hap_1","Hap_1","Hap_1","Hap_1","Hap_2","Hap_2","Hap_4","Hap_7",NA,"Hap_2","Hap_2","Hap_1","Hap_2",NA,"Hap_1","Hap_1","Hap_1","Hap_1",NA,NA,"Hap_1","Hap_2","Hap_1","Hap_1",NA,NA,"Hap_1",NA,"Hap_1",NA
NA,NA,NA,NA,NA,NA,NA,NA,NA,NA,NA,NA,NA,NA,NA,NA,NA,NA,NA,NA,NA,NA,NA,NA,NA,NA,"Hap_17",NA,"Hap_1",NA,"Hap_1",NA
NA,NA,NA,NA,NA,NA,NA,NA,NA,NA,NA,NA,NA,NA,NA,NA,NA,NA,NA,NA,NA,NA,NA,NA,NA,NA,"Hap_17",NA,"Hap_1",NA,"Hap_1",NA
NA,NA,NA,NA,NA,NA,NA,NA,NA,NA,NA,NA,NA,NA,NA,NA,NA,NA,NA,NA,NA,NA,NA,NA,NA,NA,"Hap_17",NA,NA,NA,NA,NA
NA,NA,"Hap_2","Hap_2",NA,NA,NA,NA,NA,NA,NA,NA,NA,NA,NA,NA,NA,NA,NA,NA,NA,NA,NA,NA,NA,NA,"Hap_3",NA,"Hap_1",NA,"Hap_2",NA
NA,NA,NA,NA,NA,NA,NA,NA,"Hap_2","Hap_2",NA,"Hap_2","Hap_2","Hap_1","Hap_1",NA,"Hap_1","Hap_1","Hap_1","Hap_1",NA,NA,"Hap_1","Hap_2","Hap_1","Hap_1","Hap_13",NA,"Hap_1",NA,"Hap_2",NA
NA,NA,"Hap_1","Hap_1",NA,NA,NA,NA,"Hap_4","Hap_7",NA,"Hap_2","Hap_2","Hap_1","Hap_2","Hap_3","Hap_1","Hap_1","Hap_1","Hap_1",NA,NA,"Hap_1","Hap_2","Hap_1","Hap_1","Hap_17",NA,"Hap_1",NA,"Hap_1",NA
"Hap_2","Hap_2","Hap_1","Hap_1","Hap_1","Hap_1","Hap_2","Hap_2","Hap_4","Hap_7",NA,"Hap_2","Hap_2","Hap_1","Hap_2","Hap_3","Hap_1","Hap_1","Hap_1","Hap_1",NA,NA,"Hap_1","Hap_2","Hap_1","Hap_1","Hap_17",NA,"Hap_1",NA,"Hap_1",NA
NA,NA,NA,NA,NA,NA,NA,NA,NA,NA,NA,NA,NA,NA,NA,NA,NA,NA,NA,NA,NA,NA,NA,NA,NA,NA,"Hap_17",NA,"Hap_1",NA,"Hap_1",NA
NA,NA,"Hap_1","Hap_1","Hap_1","Hap_1",NA,NA,"Hap_4","Hap_7",NA,"Hap_2","Hap_2","Hap_1","Hap_2",NA,"Hap_1","Hap_1","Hap_1","Hap_1",NA,NA,"Hap_1","Hap_2","Hap_1","Hap_1","Hap_17",NA,"Hap_1",NA,"Hap_1",NA
"Hap_2","Hap_2","Hap_1","Hap_1","Hap_1","Hap_1",NA,NA,"Hap_4","Hap_7",NA,"Hap_2","Hap_2","Hap_1","Hap_2","Hap_3","Hap_1","Hap_1","Hap_1","Hap_1",NA,NA,"Hap_1","Hap_2","Hap_1","Hap_1","Hap_17",NA,"Hap_1",NA,"Hap_1",NA
"Hap_2","Hap_2","Hap_1","Hap_1","Hap_1","Hap_1","Hap_2","Hap_2","Hap_4","Hap_7",NA,"Hap_2","Hap_2","Hap_1","Hap_2","Hap_3","Hap_1","Hap_1","Hap_1","Hap_1",NA,NA,"Hap_1","Hap_2","Hap_1","Hap_1","Hap_17",NA,"Hap_1",NA,"Hap_1",NA
"Hap_2","Hap_2","Hap_1","Hap_1","Hap_1","Hap_1","Hap_2","Hap_2","Hap_4","Hap_7",NA,"Hap_2","Hap_2","Hap_1","Hap_2","Hap_3","Hap_1","Hap_1","Hap_1","Hap_1",NA,NA,"Hap_1","Hap_2","Hap_1","Hap_1","Hap_17",NA,"Hap_1",NA,"Hap_1",NA
NA,NA,NA,NA,NA,NA,NA,NA,NA,NA,NA,NA,NA,NA,NA,NA,NA,NA,NA,NA,NA,NA,NA,NA,NA,NA,"Hap_8",NA,"Hap_1",NA,"Hap_1",NA
"Hap_2","Hap_2","Hap_2","Hap_2","Hap_1","Hap_1","Hap_2","Hap_2","Hap_5","Hap_6",NA,"Hap_2","Hap_2","Hap_3","Hap_3",NA,"Hap_1","Hap_1","Hap_1","Hap_1",NA,NA,"Hap_1","Hap_2","Hap_1","Hap_1","Hap_3",NA,"Hap_1",NA,"Hap_2",NA
NA,NA,"Hap_1","Hap_1","Hap_1","Hap_1","Hap_2","Hap_2",NA,NA,NA,NA,NA,NA,NA,NA,"Hap_1","Hap_1","Hap_1","Hap_1",NA,NA,"Hap_1","Hap_2","Hap_1","Hap_1",NA,NA,"Hap_1",NA,"Hap_1",NA
NA,NA,NA,NA,NA,NA,NA,NA,NA,NA,NA,NA,NA,NA,NA,NA,NA,NA,NA,NA,NA,NA,NA,NA,NA,NA,"Hap_17",NA,NA,NA,NA,NA
NA,NA,NA,NA,NA,NA,NA,NA,NA,NA,NA,NA,NA,NA,NA,NA,"Hap_1","Hap_1","Hap_1","Hap_1",NA,NA,"Hap_1","Hap_1","Hap_1","Hap_1","Hap_17",NA,"Hap_1",NA,"Hap_1",NA
NA,NA,NA,NA,NA,NA,NA,NA,NA,NA,NA,NA,NA,NA,NA,NA,NA,NA,NA,NA,NA,NA,NA,NA,NA,NA,"Hap_3",NA,"Hap_1",NA,NA,NA
"Hap_2","Hap_2","Hap_1","Hap_1","Hap_1","Hap_1",NA,NA,"Hap_4","Hap_7",NA,"Hap_2","Hap_2","Hap_1","Hap_2",NA,"Hap_1","Hap_1","Hap_1","Hap_1",NA,NA,"Hap_1","Hap_2","Hap_1","Hap_1","Hap_17",NA,"Hap_1",NA,"Hap_1",NA
NA,NA,NA,NA,NA,NA,NA,NA,NA,NA,NA,NA,NA,NA,NA,NA,NA,NA,NA,NA,NA,NA,NA,NA,NA,NA,"Hap_17",NA,NA,NA,NA,NA
NA,NA,NA,NA,NA,NA,NA,NA,NA,NA,NA,NA,NA,NA,NA,NA,NA,NA,NA,NA,NA,NA,NA,NA,NA,NA,"Hap_17",NA,NA,NA,NA,NA
NA,NA,NA,NA,NA,NA,NA,NA,"Hap_4","Hap_4",NA,"Hap_2","Hap_2","Hap_2","Hap_2",NA,"Hap_1","Hap_1","Hap_1","Hap_1",NA,NA,"Hap_1","Hap_2","Hap_1","Hap_1",NA,NA,"Hap_1",NA,"Hap_1",NA
NA,NA,NA,NA,NA,NA,NA,NA,NA,NA,NA,NA,NA,NA,NA,NA,NA,NA,NA,NA,NA,NA,NA,NA,NA,NA,"Hap_17",NA,"Hap_1",NA,NA,NA
NA,NA,NA,NA,NA,NA,NA,NA,NA,NA,NA,NA,NA,NA,NA,NA,NA,NA,NA,NA,NA,NA,NA,NA,NA,NA,"Hap_17",NA,"Hap_1",NA,NA,NA
NA,NA,NA,NA,NA,NA,NA,NA,NA,NA,NA,NA,NA,NA,NA,NA,NA,NA,NA,NA,NA,NA,NA,NA,NA,NA,"Hap_17",NA,"Hap_1",NA,NA,NA
"Hap_2","Hap_2","Hap_1","Hap_1","Hap_1","Hap_1","Hap_2","Hap_2","Hap_4","Hap_7",NA,"Hap_2","Hap_2","Hap_1","Hap_2","Hap_3","Hap_1","Hap_1","Hap_1","Hap_1",NA,NA,"Hap_1","Hap_2","Hap_1","Hap_1","Hap_17",NA,"Hap_1",NA,"Hap_1",NA
